id,content,sentiment
1,سرعه التوصيل والمنتج ممتاز,P
2,ممتااز ورووعة,P
3,حلو شركة huawei,P
4,منتج جيد انيق في التصميم ،،،نشكر سوق كذلك لسرعة التوصيل للمنتج في وقت قياسي,P
5,جهاز ممتاز وعملي السعر رائع,P
6,جوال رائع بمواصفات عاليه و تصميم جميل و بسعر معقول,P
7,الهاتف جميل ومميزاته رائعة جداً وسعره مناسب,P
8,الكاميره الخلفيه غير واضحة الصوره,N
9,انصح بالشراء ، افضل من المتاجر الاخرى,P
10,افضل جهاز في الوقت الحالي غني عن التعريف واشكر البايع على سرعه التوصيل وعليى العرض الجميل,P
11,رائع,P
12,شكرا لكم والمنتج في غاية الروعة,P
13,اقل من سعر السوق,P
14,المنتج سيئ للغاية وغير عملي ولا يمكن الاستمتاع به لكثرة التعليق والبطئ الشديدين، بالإضافة لعدم التجاوب مع إدخال الأوامر، وعلاوة على ذلك شبكة الجوال تفصل باستمرار,N
15,موصفات ممتازة مقارنة بالسعر الرخيص شكرا سوق دات كم لتوفير الجوال لنا,P
16,جيد بالنسبة للفئة السعرية,P
17,المنتج حلو وسعره مناسب مع جودته,P
18,رأيع أنصح باغتنامه خاصة ان سعره مناسب مقارنة مع مواصفاته الممتازة بس اتمني توفير الاكسسوارات الخاصة خاصة زجاج الحماية الامامية,P
19,بطء في الاستجابة,N
20,الجهز لايعمل تهنيج شديد,N
21,ممتاز جدا,P
22,الجوال عملي و المواصفات رائعة وسعر مناسب لكن لم اجد له كفر حماية,P
23,بصراحة موبايل ممتاز ولابد من تحميل التحدثات بعد التشغيل والبطارية قوية والكاميرا جيده وخامته تتميز بالمتانة والحجم مناسب للجيب والافضل هو الموقع المحترم الملتزم بالتسليم فى الميعاد وقبله مشكورين,P
24,ممتاز خاالص وانصح أي حد بشراؤه,P
25,جهاز ممتاز خدمة التوصيل سريعه 24 ساعه شكرا سوق . كوم,P
26,تمنيت اني ما اشتريته,N
27,أسوأ موبايل في مصر,N
28,بيهنج,N
29,الجودة ممتازة والسعر لايمكن ان اجده في اي مكان اخر,P
30,تسرب و تتمزق الحفاظة عالجوانب,N
31,مقبول جودة وسعرا,P
32,حفايظ مره روعه لا أطفالي مناسبه,P
33,ماتلتصق,N
34,فاين الافضل على الاطلاق,P
35,خامه ممتازة ومريح جدا للطفل,P
36,لي فترة استخدمه ولا ارى فرق,N
37,الكمبيوتر يشتغل ويعيد التشغيل في كل مره ولا يكمل الخطوات للتشغيل منتج سيئ جدا جدا جدا,N
38,جهاز خفيف وصغير وسهل التنقل ومفيد ببرامج الاوفيس وتصفح الانترنت,P
39,يمشي الحال بس وهو يشحن يسخن واذا طولت شغال عليه برضو يسخن ومره يعلق مدري من الشبكه او منه,N
40,مررره حلو بس ما يصلح يكون مكان الهالات السوداء لانه يزودها ويحرق العين بس انه مررره حلوووو واللون الأزرق احلى منه بشويه,P
41,مره حلو للبشره الدهنيه,P
42,انصحكم فيه ممتاز وسعره مناسب,P
43,حلو ولطيف على البشرة,P
44,يستخدم اجميع انواع البشرة كريم رااااائع للترطيب,P
45,"جهاز جميل وخفيف الوزن ومتحول, يستحق الشراء",P
46,المنتج غير مفيد كثيرا,N
47,منتج جيد وجميل يستحق التجربه ضروري يكون عند كل واحده تحب تهتم ببشرتها يصفي البشره ويشد ويشيل الخطوط الرفيعه وينعم البشرة ومناسب لجميع انواع البشرات ,P
48,يجنننننننننننننننن يخلي الوجه ناعم,P
49,عجبني المنتج لانه اصلي ويعمل على شد وتألق فوري للبشرة,P
50,اصلي,P
51,يستاهل عشر نجوووم شوي عليه كلمة رووعه صفاء ونظاررة بس حجم القنينه صغيررر جدا,P
52,لم يناسب بشرتي ,N
53,المنتج منتاز جداً وسهل الاستخدام ومتعدد الوظائف,P
54,صغير جدا وسعاره غالي لا يتطبق اسعار مع فاتورة التوصيل,N
55,لاينفع بريال,N
56,ضحك على المشتري,N
57,سهلة الاستعمال و تفي بل غرض، شكراً,P
58,جميل ومناسب جدا لكل الأغراض وسرعة جباره في الشحن,P
59,جهاز مميز وخامة ممتازة اصلي طبعاً ويغنيك كثير عن الاجهزة الثانية,P
60,آلة عصر رائعة جدا وسريعة صوتها منخفض وقوية في عصرها انصح بها وبشدة لصغر حجمها وجمال شكلها وقوة عصرها,P
61,روعه ، حجم الكاس صغير حق كوبين,P
62,ممتازة ولها قاعدة ربل تثبت على الطاولة عشان ماتتحرك مع العصر وتنظيفها سهل,P
63,"رائعة جداً, قوية و سريعة وسهلة التنظيف. فقط وعاء التفريغ صغير نسبياً",P
64,جهاز ممتاز وسهل ويجعل عمل العصير سهل وممتع ويجعلك تستهلك الفواكة بشكل اكبر,P
65,نجمه واحده شكله الخارجي جميل مع صغر حجمه سريع في العصر لاكن سلبياته ان العصير لا يكون صافيا بل به قطع,N
66,لاتستخلص لاعصير كما ينبغي على الصانع والبائع ازالة هذة الخردة قبل فوات الاوان,N
67,المنتج سيئ جدا ولا يصلح,N
68,غنية عن التعريف .. مقلاة صحية جدا جدا واكلها لذيذ,P
69,التجربة جيدة. لكن ينقص المنتج ورقة الضمان,P
70,الجهاز لم يكن جديد. البائع غير صالح التعامل معه,N
71,تهبل تستاهل كل ريال فيها وسهلة التنظيف البطاطس المجمد يطلع فيها طري ومقرمش انصح بشرائها,P
72,عمليه وجيده وشركة فيلبس غنيه عن التعريف,P
73,اكثر من رائعهالطعام فيها لذيذ وصحي وانصح بشرائها وفلبس نوعيه ممتازه وماركه معروفه,P
74,منتج ممتاز,P
75,جيدة انصحكم بهالمنتج خصوصا ان يسوي الاكل وكل شي بدون زيت ويشوي عدل لين مايطلع كل الدهن اللي بالاكل,P
76,منتج صحي,P
77,ممتازه للبطاطس بالذات و تاخذ كميه كبيره جدا و سهله التنظيف شي خورافي صراحه اختراع بطل و تستاهل كل ريال فيها و شكراا لسوق كوم افضل تسوق عبر الانترنت على الاطلاق دقه و سرعه رهيبه,P
78,دخول اليد في جسم القلاية مش بيقفل كويس و طالع منووو بار لبره و مش ظريف تحس في حاجه في جودة التقفيل مش طبيعية !,N
79,تستاهل كل ريال فيها مره حلوه والتوصيل سرييع جداً,P
80,ممتازة جدا جدا وتم شراءها بالكود ب ٥٩٨ ريال,P
81,لا أنصح بها البتة، عندما استخدمتها أول مرة، انبعث منها رائحة سيئة، وعملت جيدا، وبعد استخدامها تقريبا ست مرات، وفي ستة أيام، استخدمتها المرة السابعة، وإذا بالدخان ينبعث منها وتوقفت معلنة عن وفاتها!! لابارك الله فيه من منتج سيء، وللأسف سعرها فوق الـ100 ريال، والسلام,N
82,ولكن لايوجد ضمان ولايوجد فيها صوت ليش,N
83,وايد عجبني خاصه يوم طحن الهيل والفلفل الاسود وسهل الاستخدام ممتاز وانصح به شكرا ع التوصيل المجاني السريع,P
84,انصح بهذا المنتج,P
85,روووعه شهله ومريحة وصحيه احبهاا اسوي فيها كل شي تقريبا,P
86,الجهاز مررره جميل يستاهل كل ريال فيه مره جميل استخدام سهل وحلو ونتيجه سرريعه مرره من ثاني جلسه بتلاحظين,P
87,ما انصح احد يشتريه سيء بسرعه تخلص بطاريته مايمديك تسوين جسمك يبي لك بطارية كامله فقط عشان تسوين ذراعينك ويقعد بالشاحن من ساعتين ونص الى ثلاث,N
88,غير راضى اشتريت جهاز و لم استفد به لابد أن يوجد شاحن اخر لتشغيل وحدة التعقيم ليس من الجيد دفع قيمة مرتفعة فى جهاز لا استعمله,N
89,مافيه لغه عربيه,N
90,لا يستحق الشراء,N
91,مالهاش أى لازمة,N
92,سعره بسيط وامكانياته تتناسب مع السعر,P
93,تشعر بالفخامة,P
94,منتج ذو جودة عالية.. ونعومة فالملمس,P
95,إمكانيات الموبايل لا تستحق هذا السعر,N
96,البطاريه بسرعه تفضى,N
97,فوق الممتاز بنسبه لسعرة,P
98,جيد بالنسبه لسعر,P
99,انصح بشراء المنتج يوجد فيه الكثير من الميزات بالإضافة إلى سعرة تعتبر شيء ايجابي وان كان الصوت غير مرتفع جدا لكنه مقبووول,P
100,شيء خرافي ابداع جديد من سامسونج,P
101,بائع موثوق والمنتج أصلي ١٠٠٪,P
102,اكثر من ممتاز ويتفوق على اى موبايل اخر وامكانيات لا يتخيلها الا من يمتلك هذا الموبايل,P
103,جهاز خارررررق,P
104,جميل جدا جدا,P
105,منتج وخدمه وتوصيل كله ممتاز بصراحه,P
106,انصح بشدة بشراء الجهاز,P
107,اخذته بالعرض وسعر ممتاز,P
108,منتج كما جاء في الوصف المنتج اصلي وجيد والتوصيل وتأكيد الطلب سريع جدا عجبني المصداقية والسرعة حبيت المنتج وانصح به بشده,P
109,جيد جيدا تسليم تاني يوم وتغليف محترم شكرا سوق,P
110,من افضل الجوالات 2019,P
111,تجنننننن انصحكم فيها مرا حلوااا وعمليه شكلها فخممم,P
112, استخدم الجهاز من فترة صراحة بطارية رهيبة وشاشة مريحة جدا وتصميم مذهل والكاميرا تؤدي الغرض ,P
113,جهاز ممتاز وشاشه واستخدام روعه وشكل جذاب وفخامه,P
114,اطلق جوال سامسونج تصويره رهيب,P
115,ممتاز وامكانيات جباره ,P
116,رائع جدا جدا جدا من صدق ما تراه في يد غيرك من الناس اللي كل شي في حياتي ما نتمنى أن تسقط في مكانٍ ,P
117,بطيئ وغير عملي,N
118,جهاز خفيف ولستخدام بسيط وبسعر معقول وغير ان يجيك معاه المايكرو سوفت مجانا لمدة سنة انصح فيه,P
119,جهاز كمبيوتر محمول رائع وأنيق وخفيف الوزن بشكل عام و شاشة ممتازة,P
120,اداء جميل لفئته وبسعر رخيص ويلبي احتياجات المستخدم في التصفح,P
121,خفيف وانيق,P
122,"جهاز جميل وخفيف الوزن ومتحول, يستحق الشراء",P
123,الاصلي و جا معه شهاده الضمان من الوكيل,P
124,فنااااان,P
125,اصلي واقل سعراً من السوق المحلي,P
126,وصلني بوقت سريع جدا ممتاز ورائع,P
127,محترم جدا,P
128,وصل والجهاز مضبوط والتوصيل سريع شكراً لكم,P
129,رائع وتم أستلام الشحنه خلال يومين فقط,P
130,منتج اصلي بس تاخر التوصيل,P
131,لانه جميل,P
132,مفيد لشغل الجامعة، بطارية تدوم 6 ساعات,P
133,جهاز جيد للانترنت والافيس,P
134,جيد بالنظر الى السعر,P
135,نظام الجهاز سيئ جدا,N
136,خفيف جدا بالنسبه لحجمه,P
137,مقارنة بالعسر يعتبر صفقه ممتازة جدا مع هذه المواصفات,P
138,جهاز ممتاز للاستخدام اليومي وعملي جدا ويأتي بلون مميز مختلف عن منافسيه,P
139,اشتريت هذا للكلية واستخدم هذا في الفصل وفي المنزل على مكتبي. رقيقة جدا وخفيفة الوزن! إنه رائع للمدرسة لأنه لا يضيف إلى الوزن في حقيبتي,P
140,اذا كنت محتاج جهاز سريع وبسعر رخيص انصحك بهذا الجهاز ارخص اس اس دي بالسوق وجدا عملي,P
141,جهاز عملي وشاشه واسعه ١٥ وبسعر منافس انصح فيه وبشده,P
142,شريته وقت العرض بسعر مغري لابتوب جميل راضي تماما,P
143,"جهاز رائع وخفيف وسهل التنقل في كل المكان والاستعمال , جهاز متحول كجهاز كمبيوتر او تابليت وسهل التحكم باللمس",P
144,رهيب,P
145,حلو مناسب للجامعه,P
146,جهاز مناسب للاستعمالات الاساسيه وتصفح الانترنت وادخال البيانات,P
147,الجهاز جميل لكن النسخة تحميلها بطي وتقيل ليس أصلية. بدون ماوس أو سماعه شكرا .سوق,P
148,بالنسبه لي كان اقل من المتوقع,N
149,جهاز للاعمال بسعر منافس واداء ممتاز لجميع الاعمال,P
150,جهاز رائع وشكل جميل وانيق وحواف الشاشه جيده وصغيره,P
151,جودة الجهاز ممتازة,P
152,"جهاز مميز بفكره مميزه ورائعه الشاشه الاضافيه لترتقي لمستوى انتاجيه اخر , بالاضافه لبطاريه ممتازه واداء رائع",P
153,جهاز جدا فخم وجميل وفكره الماوس مع شاشه اضافيه تعطيك استخدام متعدد اضافيه ورائعه,P
154,شاشة سوداء يحتاج ويندوز وتعريفات,N
155,فيها سواد والالوان غير ممتازة,N
156,جودة الصورة ليست ممتازه والوضوح ليس ممتاز,N
157,أكثر من رائع,P
158,سرعة في التوصيل ومطابق للمعروض بسعر ممتاز,P
159,نعم انصح بشراء,P
160,اعجبني انصح به شاشه ذكيه,P
161,الشاشة منتازه وكان عليها عرض فترة شرائي لها,P
162,سعره بمتناول الجميع خصوصاً بعد الخصم,P
163,ماشاء الله تبارك الله انا ماتوقعت انها الشاشة تكون ممتازة لهذه الدرجة مع انها رخيصة و الجودة ماشاء الله فل اتش دي واي فاي تطبيق يوتيوب ولا احلى منه والنظام اندويد ومايعلق بصراحه يستاهل ١٠ نجوم والالوان واضحة ١٠٠٪,P
164,لم يكن بنفس المواصفات الموجودة,N
165,جودة منخفضه لا يدعم جهاز بي أوت كيو,N
166,الاستجابه جدا بطيئة,N
167,تجننننن صراحة من جد شاشة ذكية,P
168,الجهز لا يعمل بعد 20 يوما بعد الاستعمال,N
169,بصراحة انني مستمتع بها جداً حجمها ونحافة سماكتها وسهولة برمجتها كونها بها اللغة العربية ولا تحتاج اي مجهود فط وصلها ب رسيفر HD وشاهد الفرق . وانصح بأقتنائها,P
170,سلعه ممتازه جداً,P
171,ممتازه جدا وسرعه في التوصيل,P
172,الحجم المناسب والدقة,P
173,ممتاز جدا اوصي به سعر رائع وسرعه في التوصيل,P
174, جودة ردييييئة جداً من ناحية الالوان للاسف صُدمت من الشاشة جودة اسوء من سيئة لو رجع فيني الزمن ما شريته ,N
175,ماشاء الله سرعة في التوصيل و مطابق للمواصفات,P
176,المنتج ليس متقنا مثلا مساميره من الخلف للتثبيت سرعان ماتنخزق للداخل مع الربط,N
177,جميل شكرا سوق كوم,P
178,جودة فوق فوق الممتاز وتوصيل تاني يوم وانصح به,P
179,تمام التمام,P
180,جميل جدا ماشاء الله انصح بيه,P
181,هو الافضل في فئته السعرية,P
182,ممتازة صوره رائعه,P
183,الصوره روعه الشاشة ممتازة وكمان السعر منافس,P
184,جودة الصورة ودرجة الالوان جدا سيئة ، لا انصح به ابدا . مخيب للامل,N
185,الجودة ممتازة مقابل السعر المنخفض,P
186,مناسب الجودة مع القيمة,P
187,ممتازه,P
188,جيد جدا روعه,P
189,مرررررررره نايس,P
190,جهاز في غاية الروعة والجمال,P
191,هو عامة ممتاز بالنسبة لسعره,P
192,التابلت ما شاء الله جميل جدا و عملي جدا جدا,P
193,مفيش فيه سماعات و صعب اتكلم منه مباشرة,N
194,الجهاز جيد لا بأس به لكن يعيبه ضعف الكاميرا وعدم وجود سماعات مرفقة بالجهاز، وكان يمكن ان يأتى مع الجهاز هدايا بسيطة مثل جراب بسيط ولاصقة حافظة للشاشة,N
195,نال الرضى لمستخدم عادي,P
196,جهاز فعلا ممتاز,P
197,تابلت رائع والخدمه والتوصيل ممتاز,P
198,جميله جدا وعاوز منها تاني,P
200,ممتاز، أفضل تابلت في السوق المصري حاليًا,P
201,زبالةاسوء تابلت شفته في حياتي معايا من ٤ شهور و السيستم واخد المساحه كلها و البطارية هبااب و غالي جدا لا انصح به ابدا,N
202,جيد للاستخدام الشخصي,P
203,جهاز ممتاز وسعره رخيص اداء متميز والوان جذابة,P
204,منتج رائع جدا اشكر البائع واشكر هواوى وسوق على سرعة التوصيل تغليف ممتاز بس لو كان مع التابلت جراب سيلكون كان هيبقى حاجة ممتازة,P
205,تاتش بطئ سلحفه,N
206,واومشالله يجنن وعليه ضمان سنتين رائع جداجدا.حبيتو مره من لون من شكل في قمة الروعه,P
207,متواضع لكن سعر رائع,P
208,جميل ورائع ومناسب وعملي وانيق,P
209,جيد جدا والتسليم قبل الميعاد,P
210,غالي نوعا ما,N
211,بشكركم على الالتزام بالميعاد والتعامل المحترم والمنتج امكانياته بالظبط زى اللى كان مكتوب بالعرض,P
212,سعره عالي وحاجته غاليه ومش موجوده,N
213,من أفضل الاجهزه اللوحيه مقارنه بالسعر والإمكانيات انصح به جدا,P
214,سرعة التوصيل قبل الموعد ونفس المواصفات المذكورة وهو رائع جدا من تجربة شخصية,P
215,بعد استخدامي لمدة شهرين.. ممتاز جدا واداءه رائع,P
216,مضبوط,P
217,التسليم سريع والمنتج اصلى وخدمة متميزة شكرا سوق,P
218,جهاز روعة وشاشة كبيرة وسريع وسهل الاستخدام والعيب اللى فية ان الكاميرا ضعيفة,P
219,السلعة جيدة ولكن انوه لخالص شكري و تقديري لموقع سوق كوم خاصة ولشركة امازون عامة لحسن اختيارهم للسلع والمنتجات من حيث الجودة وكذلك لحسن اختيار التجار المشتركين على موقعهم ودائما في ازدهار,P
220,المنتج ممتاز والشحن سريع جدا,P
221,ممتاز و سرعه توصيل هايله,P
222,توصيل سريع .. منتج رائع,P
223,جهاز لوحي جميل للأطفال و لمن يحتاجون إلى الاستخدام البسيط للجميع,P
224,جيد لاستخدام الاطفال المحدود,P
225,ممتاز للأطفال فقط,P
226,المظهر الخارجى جيد والجهاز مناسب كما فى الوصف,P
227,راضي جدآ عن جوده المنتج متشكر جدا,P
228,الجهاز بطئ مع جميع التطبيقات,N
229,ثقيل و التطبيقات تتوقف باستمرار سئ جدا ولا انصح بانتقاؤه ,N
230,لا انصح به جودة سيئة مع الاسف,N
231,بطيييء,N
232,منتج غير جيد,N
233,بطي والتاتش وحش,N
234,خامه ممتازه وصوت عالى نقى واداء جيد جدا ولكن اضيف ان الكاميرتين نفس ال 2 ميجا وليست الخلفيه 5,P
235,تصميم رائح سريع وتم الاستلام قبل الموعد المحدد,P
236,ممتاز وسريع في الاداء وشكل مميز وجذاب وامكانيات كويسه,P
237,جودة سيئة,P
238,هذا المنتج قيم جدا,P
239,جهاز محترم وبضمان وبائع محترم جدا انا بحب اتعامل معاه كتيير لمصداقيته ..سوق دوت كوم موقع فوق المحترم شكرا لكل العاملين,P
240,بطيء جدًا وجودة الشاشة رديئة جدًا ولا يصلح لأي شيء تقريبًا,N
241,بطيء جدا جدا جدا,N
242,سئ جدا,N
243,الجوده سيىه الجهاز تقيل جدا,N
244,بطئ نظرا لصغر مساحة الرام,N
245,التابلت بيهنج وبطيىء جدا,N
246,بطئ جدا ، وغير. واضح الألوان,N
247,سىء جدا كليا ما عدا الشكل بطىء جدا ضعيف التنقل بين التطبيقات بيهنج باستمرار,N
248,فيها سواد والالوان غير ممتازة,N
249,جودة الصورة ليست ممتازه والوضوح ليس ممتاز,N
250,أكثر من رائع,P
251,كبيره ماشاءالله وكبيره و حلوه كل شي حلو شكرا لكم,P
252,انصح به السعر مناسب لحجم كبير,P
253,زمن قياسي في التوصيل في حالة ممتازة,P
254,كويس للعزوبيه,P
255,يجنن,P
256,منتج بالنسبة السعر سلعة جيدة جدا,P
257,ممتازة من ناحية السعر والجودة بالنسبة لمواصفاتها,P
258,صناعه ممتازه وسعر كويس وتوصيل سريع,P
259,قلبييييييييييييييييييييييييييييييييي,P
260,يعتبر جيد جدا مقارنة بالسعر,P
261,دقه في الصوره,P
262,فخمين,P
263,مناسبه لسعرها,P
264,حلو على سعره,P
265,حقيقة رائع ونقي في درجة الوانه,P
266,جودة سيئة,N
267,راضي تمام,P
268,منتج ممتاز جدا وشكرا لتعاونكم معنا,P
269,جودة سيئة للغاية,P
270,جيده مناسبه لغرفه الاطفال وتتحمل الضربات وحجمها مناسب بالنسبه للسعر,P
271,للامانه جيده جدا وانصح بها,P
272,سليمة خالية من العيوب ممتاز وكفى ممتاااااز,P
273,زمن قياسي في التوصيل في حالة ممتازة,P
274,جمييل وسريع وتصويره اروع,P
275,سرييع,P
276,المنتج الاصلى بالفاتورة ، التوصيل قبل الميعاد بيومين كاملين . خدمة متميزة. شكراً,P
277,جودة ممتازه (حسب اول استخدام) سلك الشاحن متوفر تغليف وكاله التوصيل تم قبل الموعد المحدد بشكل عام رائع,P
278,التخفيض مره كويس واليد جدها سلسه في اللعب خصوصاً كود,P
279,جوده التصنيع سيئه,N
280,جهاز قوي مشاء اللله والله أفضل كونسل بالتاريخ ليس تطبيل بل اعتراف وأنصحكم بشده لا يفوتكم تجربته,P
281,لا انصح به.,N
282,ججميل وسرعة بالتوصيل المشكلة كانت بالتغليف فقط شكراً لكم,P
283,انصحكم بشرائه لانه باختصار افضل كونسل شفته اقارنه بالبي سي,P
284,ميه ميه توصيل محترم تغليف ممتاز.. توصيل ف الموعد,P
285,انصح بها وسعرها حلوة وجودة عالية وتوصيل سريع,P
286,راض تماما,P
287,المنتج اصلي ورائع والسعر اروع ومشكووور على المصداقية,P
288,رائع جدا وزوجتي اتبسطت منه جدا,P
289,ممتاز وانصح بشراؤه خاماته ممتازه جداا مصنوع من الاستانلس ستيل والبلاستيك المقوي تحفه بجد شكرااا سوق وسرعه في التوصيل,P
290,منتج جيد وخامه جيده وسعر مقبول. شكرا سوق كوم,P
291,سهل الاستخدام,P
292,من أحسن الاجهزة,P
293,حلو جدا والماتريال والجوده تحفه,P
294,عملى لعصر البرتقال وسرعه مناسبة وسهل التنظيف وصوت منخفض ويعيبة عدم الثبات وعدم وجود دورق خارجي لتلقى العصير الخارج,P
295,سهل الاستخدام والتنظيف والجوده ممتازه,P
296,اصليه وعمليه وضائف عديده دائما انصح الزملاء بشراءها,P
297,السلعة جيدة ولكن بلد المنشأ المجر. وليس المانيا,P
298,جهاز غني عن التعريف .. رائع بالخيارات الكثيرة المتاحة فيه,P
299,ممتازه ماشاء الله,P
300,ممتازة عملية أرخص من اشهر محل لبيع الإلكترونيات بالغربية,P
301,صناعه الماني ممتازه ومنتج جميل جدا,P
302,رائع سهل الاستعمال و خاصة اداة العجن,P
303,خامات المنتج غير جيدة و الإستانلس يصدأ بسهولة و عند وضع الشفرة داخل الحوض - الدورق - الكبير وقع داخل الحوض بجانب المكان المخصص بطريق الخطأ و عند محاولة إخراجه كسر الحوض بمنتهي السهولة.,N
304,جيده عمليه ومفيده ماركه عالميه انصح بها فى كل منزل وبضمان بي تك ووصول قبل الموعد المحدد شكرا سوق كوم,P
305,السعر مرتفع عن السوق,N
306,أرخص سعر على الاطلاق شكرا تاجر صادق وسريع وقطعة جيدة جدا لا زم تكون بكل بيت,P
307,ممتاز ماشاءلله تبارك الله,P
308,سرعة في التوصيل وتغليف جيد والجهاز تمام,P
309,سهل وجميل,P
310,السعر مناسب و ماركة مثل ال جي معروفة بالجودة,P
311,جميل و عملي و حجم مناسب,P
312,انصح به وبشده,P
313,المنتج جيد جدا و سهل الاستخدام,P
314,جميل وخفيف الوزن وانسيابي في الحركة يعيبه صوته نوعا ما,P
315,اشكر موقعكم وعلى حسن المعاملة والتوصيل في اسرع وقت,P
316,ممتاااااااز جدا وسعر رائع,P
317,ممتاز جداً نسبة إلى سعره,P
318,وربي جميل مانحرم,P
319,رائع وشكله انيق ، له سنه عندي وكأنه جديد لسه ,P
320,جميل جدا وسعر مختلف عن الاسواق (سعر مميز) ,P
321,ممتاز وعنده خصية تبريد اذا خلصت محمي جدا جميل,P
322,ممتاز وجميل ومساحة لابأس به,P
323,منتج جيد سهل الاستخدام نصحني به اصدقائي المقربين وبالفعل لمست مصداقية النصيحة وانصح الآخرين به شكرا لشركة LG شكرا لسوق كوم,P
324,ممتاز - عملي - سها الإستخدام - سرعة توصيل قياسية,P
325,منتج ممتاااااز انصح به,P
326,سلعة ممتازة من حيث الجودة والقيمة,P
327,منتج جيد من حيث الخامة والأداء وعملي إلي حد كبير كما نشكر فريق عمل سوق كوم علي الجدية والالتزام بالموعد المحدد ومطابقة المنتج للمواصفات وهو,P
328,لايوجد به صوت وحجمه كبير وواسع جدا وسعره راااااائع اشتريته بالعرض بسعر خيالي انصح به,P
329,سعرها مرا حلو بالنسبه لحجمها الكبير فيها مزايا حلوه زي انها مررررررا هادية وتطلع صوت تنبيه اذا لم يتم اغلاقها جيدا معاها مفتاح والاناره فيها حلوة,P
330,حديث وعليه ضمان من وكيل الشركه الام,P
331,جمييييل وصل قبل الموعد,P
332,رائع تبارك الله وجزاكم الله خيرا سوق كوم وجاتني مع هدية قسيمة بمبلغ,P
333,"ممتاز و عملي و يحتوي على أزرار لوجبات محددة مثلا: فشار , طبق العشاء و أيضاً تشغيل سريع لمدة 30 ثانية",P
334,سعر ممتاز و جودة عالية,P
335,حجمه مناسب للمطابخ الصغيرة، استخدمه للتسخين فقط لذا أراه مناسب جدا في سرعة التسخين وقوة الحرارة يعيبه عدم وجود تحكم بالثواني فقط ٣٠ ثانية فاعلى,P
336,منتج جميل جدا ونفس الطلب,P
337,جيد ويفي بالغرض,P
338,شغله سريع وجدا عملي حجمه مرا جميل,P
339,راىع جدا ويفي بالغرض شكرا سوق,P
340,مثل الوصف تمام وتوصيل سريع شكرا,P
341,ممتاز وسعره مناسب وعملي,P
342,رائع جدا جدا شكرا سوق شركة ميديا شركه ممتازه,P
343,هناك بعض الخدمات لم أستطيع اكتشافها بسبب عدم وجود دليل للاستعمال,N
344,الجهاز بطل والله ... وأداء مثالي,P
345, لا انصح به ضعيف جدا ,N
346,جهاز سئ مره,N
347,انصح به حراره عاليه ومتوسطه شكل انيق وشركه معروفه وسعره اقل من الاماكن الاخرى,P
348,يوجد خدوش على السطح الخارجي,N
349,تحفة وأكثر من رائع في السرعة والاداء,P
350,ممتاز جدا لاتوجد ملاحظات,P
351,ممتاز جدا مقارنة بسعره لكن يعيبه صغر حجمه نوعا ما شكرا جزيلا,P
352,تعامل ممتاز من المندوب,P
353,عادي بس اهم شي يقوم بعمل المطلوب,P
354,فخم ومتين وسريع وهو إضافة رائعة للمطبخ,P
355,لا يحتاج لتقييم المنتج خيالي وصحي,P
356,ممتازه وكما في الوصف,P
357,منتج راقى,P
358,المشكلة الوحيدة القفل التلقائي للتسخين,N
359,منتج أصلى من براون ممتازة,P
360,من أفضل العصارات الحديثه,P
361,عصارة بمنتهى الروعة,P
362,تم الاسترداد ولا احصل ع المبلغ ارجو التواصل,N
363,هذا الموديل سيء بشكل عام لا انصح فيه,N
364,انصح باقتنائه في كل منزل وتعامل البائع جدا ممتاز وتغليف السلعه رائع ووصلت بوقت قياسي جزاكم الله كل خير,P
365,ممتازة سهلة التنظيف قوية,P
366,انصح بشرائة لعشاق العصائر الطبيعية وخاصة للتحضير للاطفال صحى جدا منتج قوى الماتور من شركة براون وسهل التركيب والفك والتنظيف,P
367,لازم لكل بيت,P
368,منتج رائع يغني عن جميع الاجهزة الاخرى,P
369,العصاره متوسطه الاداء عكس ما كنت متوقع تقوم باهدار كبير للفواكه,N
370,التغليف جدا سيء و المنتج وصل كلو غبار,N
372,انصح بها قوية وسهلة التنظيف...افضل الاسعار وخدمه ممتازه من hala-trade,P
373,منتج معروف من مولينكس لعصر البرتقال بحسب الوصف والسعر مناسب والتوصيل سريع,P
374,لم تكن المرفقات مثل الصورة,N
375,رائحته جدااااا جميله ومميزه وتدوم صراحه أنصحكم فيه ,P
376,رائحة جميلة و كمية مناسبة للسعر و جودة عالية,P
377,يجنننن ريحته كانه كذا كريمه خفق ع نظافه مادري ريحه تسطل قسم بالله ماتوقعت كذا,P
378,جنااااااااااااااااااان بجد ياخذ العقل,P
379,رووعه اذا مسك على الجسم الريحه تقتل,P
380,العطرجدا مميز و جميل ، ريحته ع بودرة ع مسك او بخور و لمسة عسل بس يبرد يصير باودري حلو و بخور بخور بخوووور ، و فوااااااااح حيييييييل انصح فيه بقوة,P
381,ثبات يظل لساعات ,P
382,يجنننن يجنننن يجنننن حرفييياً,P
383,عطر يجننن مرره وثقيل وريحته ثابته,P
384,العطر رهيب وفخمم وثابت جميللل,P
385,مركز مرره والريحه تجنن للي يحبون العود وثابت ماشاءالله بخه وحده تكفي وسعرها يستاهل,P
386,رررروعه بلا مناااازع روعه وكياته وجمااااااااال,P
387,روووعهه وجمممممميل امس وصلني وثاااابت وريحةةةة تجنننن لايفوتكم,P
388,ثابت وجميل ويتم العطر لين اليوم الثاني ومجربته عن نفسي وثاني علبه اخذها,P
389,صراحة 100٪ لايختلف عليه اثنين ,P
390,روووووعه احلى عطر مسك جربته نظافه مع المجموعه اروع,P
391,سبحان الله ما حبيته بس الناس اذواق حبيت اللي بالرمان والخوخ,N
392,عجزت اوصف عشقي لهالعطر بالذات ,P
393,والله جميييييل بمعنى الكلمه ريحه نظااافه وثابتهعكس ماقالو الناس ظلموه لا تسمعو كلام احد حولو بنفسكم,P
394,والله احلى واجمل واطيب وارق عطور عطورك ي القريشي يسلم ذوقك والله,P
395,يخسبق ماشاء الله والريحه ثابتهشكرا ابراهيم ع المصداقيه,P
396,خيال يجنن والله انصحكم فيه,P
397,المسك ممتاز جدا شكلاً و رائحةً و قوة ثبوت و سعره جدا مناسب شكرا لكم,P
398,من أفضل عطور المسك التي قمت بتجربتها.... العطر أفضل من التولة بكثير.,P
399,بدون مجامله العطر يجنن,P
400,سرعة توصيل، أصليةوصلت خلال يوم واحد فقط، تم التأكد من الأرقام المتاحة على السماعة وعلى الغلاف والتأكد من انها أصلية. فيها شحن لاسلكي,P
401,الميكرفون سيئ جداً,N
402,البطاريه جدأ ممتازه وتثبة بشكل جيد علا الأذن,P
403,هواوي شركة لا يعلى عليها ، سعر السماعة مقارنةً بالجودة ممررره ممتاز... انصح جميع ممارسين الرياضه باقتناء السماعه هذي ، اعجبت اهلي وشريت منها الان ما يقارب ال6 حبات,P
404,جيدة ومريحة نوعا ما فى الاذن يعيبها انها لابد من تركيب السماعة فى الاذنين اذا تم تركيب جهة واحدة تنزلق من الجهة الاخرى وتسقط من الاذن نتيجة عدم ثباتها على الرقبة,P
405,ممتازة وبطاريتها تطول,P
406,رائعة بطارية تدوم 6-8 ساعات حسب الاستخدام ، صوت جيد ، مدى 7-10 متر حسب الموقع ، لكنها غير مريحة قليلا في الإذن رغم وجود أكثر من حجم لقطعة السيليكون الخاصة بالأذن,P
407,ممتاز مطباق للمواصفات ولكن لا انصح فيها للاستخدام الطويل فهي تؤذي مدخل الاذن,P
408,على حسب المواصفات و بذا السعر اشوفها جيد مره,P
409,البطارية ممتازة لكن الصوت منخفض قليلا,P
410,لم تعجبني السماعة واستعمالها غير مريح ولا أنصح بشراءها مدخل الأذن يؤلم مع الاستخدام بسبب حجمه الكبير الذي لا يتناسب مع الأذن كبقية السماعات الأخرى ,N
411,مش قويه فى الصوت,N
412,السماعة كما في الوصف ومغلفة جيدا والتوصيل تم في الوقت تماما شكرا سوق كوم,P
413,مايحتاج ماشاءالله جميلة,P
414,سماعة اصلية صوتها نقي,P
415,اصلية و صوتها واااضح وكل شي تمام فيها وصلتني خلال يومين بس شكرًا سوق,P
416,"بإختصار سماعة عادية جودة ""الصوت"" حلوة لكن ""المايك"" سيء جداً يعني بالمكالمات السماعة السلكية المايك افضل من الايربودز وارخص بكثير",N
417,بطله,P
418,ممتازة جدآ ومشكورين ماقصرتم,P
419,تهبل,P
420,كانت تجربة رائعة,P
421,لا يوجد نقاوة في الصوت,N
422,الصوت يقطع على بعد ٥ امتار,N
423,الحافظه لاتشحن لاسلكي عكس ماهو مذكور في الوصف,N
424,منتج فوق الممتاذ خالص الشكر سوق دوت كوم,P
425,تحفةةةةةة,P
426,اصليه 100 % نقاء صوت رائع جدا وشحن يدوم لأيام,P
427,صينيه,N
428,صوت ضعيف جدا,N
429,تاخير الطلب ووصوله حتى بعد المده المذكوره لا يليق بسوق كوم ارجو الاهتمام اكثر بمواعيد التوصيل,N
430,جوده سيئه و دون المستوي,N
431,ماتركب علي جميع الاجهزة,N
432,صوت نقي جدا . لا تنزلق ابدا من الاذن وتنافس سماعات رائدة,P
433,صوت غير واضح وتقع كثيرا من الأذن,N
434,تقيمي لمنتج السماعات لانستحق الشراء،،تقيمي لمنتج السماعات لانستحق الشراءتقيمي لمنتج السماعات لانستحق الشراء,N
435,سيئه جدا جدا والشحن يخلص بسرعه البرق,N
436,الى الان تبدو ممتازة,P
437,لم تعجبني وماتثبت في الاذن الا لمن كأنك بتزرعهاعدم الثبات وتسقط في الاذن سبب ارجاعي لها لو لها سلك علئ الاذن او بلاستك يثبتها داخل ومن الخارج كان افضل,N
438,سماعات ممتازة وصوتها حلو وحديثة وتعمل بشكل جيد وليس بها مشاكل,P
439,رائعه وراح اطلب اثنين كمان,P
440,صوت المايك خفيف,N
441,شريت هاذي السماعة من عندهم كانت كويسة لكن ما كملت شهر و نص بديت اسمع صوت كهرباء من السماعة اليمين تواصلت معهم لها عندهم الى الآن 7 ايام ما ردوا علي للأسف وهذا انا انتظر تجربتي معهم صارت سيئة,N
442,سعر مناسب واداء قوي,P
443,سماعة مريحة وغير معقده تلعب ساعتين ثلاث بدون ما تعورك اذنكك وفوق كذا الصوت 1.7 يعني محيطيه تسمع الاعداء من اي اتجاه وصوت الخطوات الزبده رهيبه ..,P
444,احسن مايك استخدمته في حياتي ,P
445,واااو,P
446,اسطوريه,P
447,سماعة اقل ما يقال عنها خورافيه,P
448,السماعة جداً مريحه وممتازه ويكتم الصوت الخارجي,P
449,ممتازة جدا و تستحق الاقتناء,P
450,تخزين جيد جدا,P
451,افضل سماعة قيمنج في السوق حاليا,P
452,السماعه ممتازه جدا وجوده عاليه انا خذيت هذي السماعه قبل 4 سنين من متجر اخر وشغاله للحين بي فيه عيبين الجلد يعني يتنتف مع الوقت يعني بعد سنين من الاستخدام وعيب الثاني امايك اذا ماتحافظ على يخرب اما من ناحية الصوت الجودة تصنيع 10/10 وخذها ولا تتردد وشكرا,P
453,افضل سماعه اشتريتها من موقع وجات الشحنه بدون مشاكل,P
454,اسطوريه بألعاب الباتل رويال,P
455,صوتها عالي جدا وممتاذ، وشكلها شيك جدا وانيق، بتفصلك عن اللي حولك حرفيا، البطارية بتظل حتى 12 يوم مع استخدامي العادي حتى انني انسى ان اشحنها، ولو استخدام متواصل هتفضل 12 ساعة مع العلبة، 4 ساعات متواصل سماعات فقط بدون العلبة، عيبها الوحيد هوا جودة صوت المايك منخفض قليلا ويحتاج مكان هادئ لسماع الطرف الاخر، انصح بشرائها فانا راضي تماما عنها وجعلتني احب منتجات شاومي واثق فيها.,P
456,تقعد اسبوع بعدين تشتغل الجهه اليمين واليسار كل وحدة لحالها,N
457,بعد ايام صار فيها خلل، تشتغل سماعة وحده اما يمين او يسار مايشتغلون جميع بنفس الوقت مع العلم اني سويت كل الاعدادات والنصائح التقنية,N
458,ماتشتغل الاثنين,N
459,الصوت يصل للطرف الاخر بشكل ضعيف جدا,P
460,ممتاز وإيجابياتها اكثر من بعض سلبياتها. انصح بها بشدة وأيضا بطارية السماعات ممتازه وتشغيل السماعات ل6 ساعات متواصلة,P
461,ممتازة وفاجئني فعلا جودة الصوت فيها ، لاأنصح استعمالها في الاماكن العامة والمزحمة,P
462,جودة ممتازة كما في الوصف,P
463,السماعة جيدة متعبة بالاذن جداً السماعة اليسار تقطع مرات العزل متواضع والامبين ساوند جودته سيئة المايك متواضع جدا,N
464,جودة المايك سيئة الطرف الاخر لا يستطيع سماعك بوضوح اثناء المكالمه,N
465,بعد شهرين تقريبا خربت السماعه اليسرى,N
466,يعيبها تأخر بسيط في الصوت,N
467,"سرعه فى التوصيل , منتج عالى الجوده.",P
468,ما استلمتو اصلآ,N
469,ممتازه واصليه واستخدمها سنه للان,P
470,سيئه للغايه,N
471,حصلت فيها مشكله بعد السقوط ليست بمتانة سماعات ابل,N
472,راض تماما,P
473,من اكبر عيوب السماعة انك تعيد عملية الاقتران مرة اخرى اذا وصلتها بجهاز اخر. وبالنسبة لي تتزحلق من اذني رغم ثبات سماعة ابل في اذني بشكل ممتاز. العزل فيها ممتاز جدا وتعتبر كويسة مقارنة بسعر سماعة ابل,N
474,جميييييييييدييييله جدا جدا,P
475,صدق صدق روعه,P
476,ممتازه ورهيبه,P
477,عملية و ممتازة جداً ,P
478,انصح بهذي السماعات كان عندي سماعات سامسونج جير لكن هالسماعات تتفوق بكل شي ومريحه للاذن بالاستماع واللبس,P
479,ما فيش اى عزل صوت خالص,N
480,سلعة اصلية ممتازة,P
481,تحففففه,P
482,سماعة اصلية صوتها نقي,P
483,أصلية ماعليها غبار,P
484,اصلية و صوتها واااضح وكل شي تمام فيها وصلتني خلال يومين بس شكرًا سوق,P
485,ممتازة الأصلية وتم التوصيل في اقل من ٢٤ ساعة,P
486,قدرة لايصلح للطبخما انصح احد بشرائه لان خفيف ولا يتحمل الحرار المواد الغرانيتية من النوعية الرديئة لا ايجابيات فقط شكل,N
487,غير امنة,N
488,من اروع ماقتنيت,P
489,تم شراءة و للأسف لم يكن حسب التوقعاشتري تيفال من الداخل لايمسك بالاكل بعد الطبخ افضل من هذا,P
490,بصراحه يستاهل السعر روعه,P
491,جيدة استعملتها فوراً وزنها غير ثقيل وآمنة ان شاء الله .. سعتها ممتازة.. وصلتني بالوقت المحدد,P
492,منتج اصلي وجديد ولا يوجد به عيوب,P
493,رائع جدا ممتاز شكرا سوق كوم على المصداقيه انصح به انه رائع جدا جدا وتعامل المندوب كان رائع جدا ياله من منتج رائع الان استطيع ان اطبخ ب امان,P
494,حجمها حلو تنفع لعائلة صغيره وجودتها ممتازه,P
495,منتج كويس,P
496,كما بالوصف,P
497,اكثر من رائع جودة تصنيع ومتانة وخامة عالية يستاهل اكثر من سعرة,P
498,ممتاز غير لاصق بعد التجربة و خامة فخمه,P
499,روووعة وأصلية بس حجمها عادي,P
500,ممتازة حجم مناسب و جودة عالية,P
501,اليد ورأس الغطاء لا تتحمل شدة الحرارة مع مرور الوقت,N
502,يلتصق بها الاكل واللون يزول,N
503,جدا عمليه و أسعدني اقتنائها,P
504,سعدت باستخدامه خصوصا كان نفسى اشتريه من فترة وعروضكم الجميلة ساعدتنى اشتريه بسعر مناسب جدا,P
505,الطقم ممتاز والتوصيل سريع نشكركم على المصداقيه,P
506,اجابيه المنتج سهل التنظيف الاكل مايلصق,P
507,ما شاء الله ، شكل رهيب و حجم مناسب جدا,P
508,الوانه مااعجبتني,N
509,التجربة الاولى يبدو جيد و الطعام لا يلتصق ابد مقارنة بسعره جيد جدا,P
510,صعوبه في التنضيف الخارجي خوفا على اللون لا يذهب,N
511,ممتاز للطبخ وسهل غسيله,P
512,المنتج جيد جدا وعالي الجوده ومفيد ايضا لحفظ طعام الاطفال و يمكن إدخاله الميكرويف لتسخين الاكل فقط ومصنوع في ايطاليا ومصنوع من اجود الخامات,P
513,سرعه التوصيل ...دقه التغليف...جودة المنتج...واحترام العاملين للتوصيلمنتج جيد جدا ...اصلى من ايكيا ...لم استخدمه بعد ولكن نقاوة البلاستيك ومتانه العلب واضحه ..متعدد الاحجام وكل الاحجام لها كثير من الاستخدامات ..قلما تجدى هذا الكم من العلب فى طقم واحد ...الحجم الصغير اكتر بس له استخدامات كتير برضو,P
514,الجودة جيدة .. 17 علبة بمقاسات مختلفة تفي كل الأغراض .. كنت اظن انها صغيرة السعة ولكنها مناسبة لحفظ الطعام في الثلاجة بصراحة روعة وأنصح بإقتناءها,P
515,منتج رائع وخامته نضيفه أكثر العلب ذات حجم صغير (7 علب صغيره تستخدم فى أكل الأطفال فقط),P
516,الحجم صغير جدا جدا جدا جدا جدا جدا جدا لا يكفي طفل رضيعي,N
517,القطع صغيرة جدا ,N
518,العلب الصغيرة كتيرة اوي,N
519,جيده تدخل الميكرويف,P
520,منتج مقبول,P
521,انا قمت بشرائها و انصح الجميع بشرائها لأنها وفرت علي وقت وجهد كبير في عمل السمبوسك,P
522,صناعه بلاستيكية رديئة,N
523,سهله الاستعمال و عملية,P
524,سيء جدا غير عملي ,N
525, غير عمليه لا انصح بها لم يعجبني ,N
526,ماستخدمتها لكن التعامل معكم اسعدني جدا,P
527,السيور تنقطع بسهوله,N
528,اللي معاه ضعيفة جدا و بتتقطع من اول مرة استخدام,N
529,مثاليه للتمارين الرياضيه,P
530,اشكركم على حسن تعاملك ومراعاة سرعة الوصول شكرا,P
531,ممتاز جداً لجميع انواع الرياضة، و يوجد اكثر من نوع مقاومة للتمارين السهلة و الصعبة. و جيدة لتمارين المنزل ايضاً,P
532,انصح انكم تشترونه,P
533,هو افضل الموجود,P
534,اوصي بهذا المنتج سواءً للمبتدئين و المحترفين ايضاً، انه منتج يمتاز بالعديد من التمارين المتنوعة,P
535,الي الامام وربنا يوفقكم,P
536,مناسب للاوزان غير الثقيلة,P
537,يساعدك في التمرين كثير,P
538,شكرا ي سوق كوم توصيل سريع ومنتج جدا رائع بسعر مناسب شكرا ويعطيكم الف عافية,P
539,تنفع لي تقويت عضلات اليد,P
540,رقيق جدا,N
541,متين للغايةزي الفل و يستاهل كل جنيه,P
542, الاسفنج يتمزق من كثره الاستعمال,N
543,القضبان من خامة رديئة لا تتحمل الوزن,N
544,نفس الصورة,P
545,ممتازة.. مفيدة للرياضة تتحمل أوزان كبيرة,P
546,لم ينل اعجابي,N
547,التعامل مع البائع كان جميل واعجبني كذلك سرعة التوصيل وجودة السلعة,P
548,جيدة جداً ورخيصة للي يحبون البلاش,P
549,قضبان تمارين الضغطمختلف فى الشكل والمواصفات,N
550,باختصار شديد سهل الاستخدام و تنوع التمارين فيه وصغير الحجم بنفس الوقت,P
551,لاانصح به,N
552,الخامة ردياء بعض الشيء,N
553,تكسر بسرعه,N
554,المواد المصنوعه رديئه,N
555,المنتج ممتاز ونشكر لكم حسن تعاونكم وسرعة التوصيل وارجو في المرة المقبلة ان يتم تجميع جميع مشترياتي وارسالها مرة واحدة,P
556,مطاط ممتاز وخفيفه جدا وتتخزن بسرعه واستخداماتها كثيره,P
557,الحبال ضعيفة غير مناسبه للرجال للنساء فقط,N
558,السعر مناسب بالنسبة لفكرة الجهاز وليس جودته ، فجودته تحتاج لأن تكون أعلى من ذلك,N
559,جميل وانصحكم فيه ويجلس معكم فتره طويله ولله الحمد .. شكرا لكم واتمنى لكم التوفيق,P
560,افضل من ما كنت متوقع,P
561,مقاس صغير لا يغطي كامل الفم,N
562,البخار ليس كثيف,N
563,مرا حلوو و,P
564,كويس اشتريته عشان الة البخار بس,P
565,مرة جميل بنات انصحكم فيه وعملي جدا,P
566,مررررره يجنن وماندمت اني اشتريته,P
567,سعرها ممتاز وارخص منه في غير سوق كوم . والجهاز مفيد وخصوصا لمن عنده مشكلة في الركبة حيث ﻻ يوجد اي ضغط عليها اثناء ممارسة الرياضة,P
568,جهاز جيد للحرق ولكن كنت اتوقع احسن من ناحية القوة,P
569,غير ثابت وقت اداء التمارين عليه,N
570,مزعجه جدا,N
571,خفيف والسلك وصل مقطوع,N
572,خفيف ولايتحمل الأوزان الثقيله,N
573,لا انصح به لأنه لا يجهد الجسم وبذلك لا يؤدي الى نتيجة,N
574,ماله فايده,N
575,ردئ الصنع,N
576,ممتاز وسهل الاستعمال ولا يجهد ويصلح لجميع الاعمار,P
577,ممتازه كما بالوصف,P
578,جودة سيئة وسعر مرتفع,N
579,وصلت بحقيبه جدا عمليه ومفيده,P
580,حححلوه,P
581,حاو,P
582,جميل وسرعة توصيل,P
583,منتج رائع مطابق للوصف المذكور، الشحن جيد ومغلف بطريقة لابأس بها,P
584,ممتازة جدا و الشحن كان اسرع من السريع,P
585,الشحن والتوصيل سريع جدا ماشاءالله انصح به والسعر مناسب والجوده ليست سيئه,P
586,مرا حلوووو لكن يعر شحنه مبااااالغ فيه,P
587,رائع للاطفال والكبار يوجد فيه ميزان لزيادة الضغط وتخفيفه للاطفال,P
588,ممتازة وخامتها جيدة ،,P
589,لايحتوي على كتلوج للمنتج ولا على طريقة التركيب او طرق التمارين و لا استطيع تركيبة على الباب لصغر حجمة,N
590,جودة المنتج سيئة جداً جداً ولا انصح احد يشتري منه,N
591,منتج جيد و مفيد و أمكنني عمل جميع التمرينات المذكورة و سهل التركيب و خفيف الوزن و ا يشغل حيز كبير.,P
592,ضعيف و لايركب على كل الأبواب و اتكسر الحامل بعد مرتين فقط من الاستخدام,N
593,لا يثبت على الباب و لا يوجد معه ما يساعد على تثبيته الى الان لم يستخدم,N
594,حجمه صغير مايتسع للابواب خاصتا في السعودية لانه صغير الحجم بالنيبه للابواب عندنا,N
595,المنتج صغير ممكن ينكسر في اي وقت,N
596,ماشاءالله الريحه خرافيه تاخد العقل وفواحه يومين ,P
597,حبيت الخلطه جدا جميله اعشق الورد ولمسة التباكو غريبه لكن مميزه,P
598,جميل جدا وذات رائحة سحريه وبثبات عالي انصح به بشدة لاصحاب الذوق الرفيع يتماشى رجالي ونسائي ايضا,P
599,ريحته خييييالية و ثابتة انصح فيه، اول مرة اخذ عطور ع مدح العالم و فعلاً يستاهل التجربة,P
600,حقيقي جرعة فرح ريحتوو خياللل,P
601,قوامه دهني ، ريحته جميلة وثابته,P
602,جممميل وثابت يتم لين اليوم الثاني خصوصا اذا شعرك مبلول حتى ريحتهه ع مخدتي ☹️???????? جممممميل جمميل الود ودي اخذ كميه واجد لين علشان ماتخلص من عندي ثاتي مره اطلب منه ????????,P
603,سويت ريحة حلاوه مع المسك لطيف جداً,P
604,ممتاز جدآ رائحته جميله غني عن التعريف,P
605,ممتاز جدآ رائحته جميله جدآ,P
606,ريحته روعه ... جدا حلوو .. أقرب لدهن العود من المخلط,P
607,لايمكن تعليقها على الباب,N
608,غير مناسب,N
609,جودة سيئة,N
610,ممتازة وأنصح بها التوصيل السريع ومتانة مواد الصنع وصحيح انها صغيرة على الجدران في السعودية إلا أننا استفدنا منها في كثير من التمارين الأخرى وسعرها ممتاز,P
611,لا توجد سلبيات . المنتجع يعتمد على مقاسات معينة (عرض الجدار أو الباب) المراد تركيبه عليه,P
612,الحلق صغير جدا ما يركب ع الباب عرضها عرض بلُكه,N
613,غير مناسبه للمواصفات الخليجيه في الأبواب,N
614,القمااش سيئ جدا,N
615,سعره ممتاز جدا واشكر البائع لذلك وخامته جيده ايضا لكن انتظرت طويلا شركة الشحن بطيئه ارجو التعامل مع شركة شحن اخرى,P
616,اعجبني,P
617,ماشاء الله حجمها صغير لكنها جبارة ضغط الماء قوي جدا,P
618,ممتازة جداً وسهلة الاستخدام وتستفيد منها بأشياء كثيرة كغسيل المنزل والسيارة والمكيفات وتنظيف الأرضيات والبلاط الخارجي للمنزل يحتاج من شراء لي للتوصيل من مصدر الماء لجهاز المضخة مجربه ومفيد,P
619,المنتج جيد من ناحية الاداء والقوة لكن فيه مشكلة ان الهوز الي طالع من المكينة حق رش الموية قصير جدا جدا يعني تخيل تقعد تشيل المكينة في يدك كل متر او مترين وبرضو سلك الكهرباء قصير جدا,P
620,ممتازة جدن وجودة وقوة ماشاء الله تبارك الله,P
621,مواصفات جيدة وقيمة مقابل المال من البائع سوق كوم,P
622,روعة انصح به,P
623,حجمها صغير لكن ادائها فعال جداً على سعرها جداً ممتازة,P
624,"وصلني في الرياض خلال 24 ساعة. ضخ الماء قوي جدا وصراحة تفاجأت من قوته, تردد التيار 50.60 هيرتز 220-240 فولت.الجهاز موديل جديد 2018",P
625,لايوصف شئ جميل,P
626,ممتازه جدا وقوة دفع عالية ...عيبها قصر الهوز فقط,P
627,منتج حسب المواصفات المدونه يعني منتج ممتاز وانصح بشاراؤه,P
628,سيء جدا,N
629,عيبها القاتل حجمها ما يركب,N
630,السلعه ممتازه,P
631,المشكل يومين وخرب,N
632,حجم ممتاز وسلاسة في العمل راض جدا عنه,P
633,منتج ممتاز وقليل الاستهلاك للبطاريه,P
634,ماوس كويس ويؤدي الغرض منه,P
635,شكل جميل خامات ممتازة,P
636,التوصيل سريع المنتج جيد جدا,P
637,جودته كويسة والحساسية بتاعته حلوة..وعجبني جدا اضائته,P
638,جوده عاليه و سعر مناسب,P
639,رهيييب مره بس ما يمديك تغير الالوان على كيفك اول ما شفت الكرتون حسبتهم غشوني الصراحة بس لما جربت الماوس طلع رهيييب,P
640,بعد مرور فتره منه بدا بالتعليق,N
641,منتج سي جدا جدا,N
642,لم يعمل. و سعرة مرتفع. لبقيه المنتجات المشابهه,N
643,الازرار الجانبيه بطيئه في الاستجابه,N
644,الزرار بيعلق بعد 3 ايام من شرائه,N
645,منتج بعد يومين تلف منتج سئ سئ سئ,N
646,لا يناسب شخص يده كبيره,N
647,الجودة مش عاليه,N
648,ممتاز ومازال يعمل بعد سنة من شراؤه,P
649,مانصحش حد انه يشتريه ابدا المنتج سعره غالي جدا علي امكانياته وعلي جودته وخاماته اللي زي الزفت اصلا الماوس مكملش معايا يوم واحد ووقف اصلا وخفيف جدا من اقل خبطخ هيتكسر,N
650,بطء شديد وما تشتغل الا بعد عده محاولات كل مره,N
651,افظل ماوس للقيمنق وكل شي تستاهل كل ريال,P
652,اروع ماوس جربتة ينفع خاصة للي ايديهم كبيرة ,P
653,جيدة جدا وتجربة فعلا مختلفة واختصارات لايعلى عليها العيب الوحيد الي فيها ثقيلة شوي والسلك ماتدري عنه كانها وايرلس اعطيها 9.50/10,P
654,ماوس جيد جدا للالعاب الازرار الجانبية مفيدة جدا جدا لكن مشكلتي مع الماوس انه حاطين لك زرين في النص لتغيير البروفايلات والدي بي اي لكن ماتقدر تستخدمهم في الكي ماب عموما ماوس جميل انصح بإقتنائة,P
655,صرآحه المآوس مريح باللعب و عملي في كل شيء بس أتوقع لآزم يكون في مآوس بآد ممتآزه لأدآء أفضل. التآجر كآن خطيييير! وصلني المنتج ثآني يوم من الطلب,P
656,ماوس خورافي وفيه اكثر من ظبط لسرغة التحكم دي بي اي و أوزان,P
657,الوصف غير واضح انه تناسب فقط الاشخاص الذينا ينامون على وضعية الظهر,N
658,ضعيفة والارتفاع قليل,N
659,تؤدي الغرض,P
660,المخده ماتبرد بالشكل المرغوب فيه,N
661,بارده فعلا,P
662,مريحة جدا و حجمها مناسب,P
663,مناسبة حسب المواصفات و السعر,P
664,ليست سيئة,P
665,الجل لا يظل بارد طوال النوم تحتاج ان تغير من موضع راسك كي تشعر بالبرودة من وقت لاخر,N
666,مريحة جداً سواءً للنوم او للجلوس,P
667,أنصح بشراء لمبات شحن سانفورد وذلك لجودتها العاليه أنصح بشراء لمبات شحن سانفورد وذلك لجودتها العاليه أنصح بشراء لمبات شحن سانفورد وذلك لجودتها العاليه,P
668,صغيره جدا,N
669,بالنسبة لي جميل وناعم الملمس ويعطي منظر يوجد فيه تخفيض,P
670,جميله وحجمها نفس اللي بالصوره,P
671,يجنن,P
672,السلعة ممتازة شكرا للبائع,P
673,ممتازة والوانها رائعة وجميلة والبلوتوث شغال والريموت شغال يتحكم في الصوت والتبديل بين الاغاني التوقف المؤقت,P
674,جيد جداً وكما هو في الوصف. يحتوي على خاصية البلوتوث,P
675,حلوه تشتغل بالبلوتوث,P
676,بجد جميله وسعرها مقبول جدا,P
677,جيد وصوت عالي وبيعمل جوا حلوو,P
678,استلمت المنتج في مده اقل وفي حاله ممتازه كما تم الاعلان عنه,P
679,القماش وخاماتها جيده جدا. وارتفاعها ناسبني انا ما احب المخدرات المرتفعه,P
680,لم تكن جيدة بما يكفي من ناحية الجودة,N
681,راض,P
682,ممتازة ومريحة وسعره مميز,P
683,جودتها جيده ، مشابهه لمخدات الفنادق تحتاج لاثنتين للشخص الواحد او تدعمها باخرى,P
684,تمام جدا بس انصح بشراء اثنين مع بعض,P
685,منتج جدا مريح للنوم وبس يحتاج وحده ثانيه,P
686,غير مريحه و تحتاج تنتين لتقدر تنام,N
687,سيئه جداًولا انصح بها,N
688,عاليه تتعب الرقبة,N
689,مريييحه وناعمه جدا,P
690,مريحه جدا وارتفاعها مناسب ,P
691,خفيفه جدا غير الوصف,N
692,ما تسوى رقيقة جد مثل الشريطة,N
693,إيه الجمال والحلاوة دى,P
694,سيييييئه ججدا وخفييفه ما انصصح تحس انك حاط سجاده تحت راسكسيييء ججدا ولا ينفع حق الاشخاص العادين راح تحطها زيينه يعني خساره فلوس ع الفاضي ولا بتخليها حق ضم لانها مره ليينه وما تصلح حق نووم,N
695,المخدة خفيفة جدا وليس بها قطن غير مريحه على الاطلاق ولا انصح بها,N
696,لا انصج بشرائها,N
697,مشي حالك,P
698,من جمالها وراحتها سافرت ولما رجعت مالقيتها. مدري مين صرقها حسبي الله. راح اطلبها مرة ثانية,P
699,مرييييييحه جدا,P
700,مريحة خفيفة مرررره كنها سحابة للي يحبو المخدات المخدات الخفيفة جدا مناسبة,P
701,جتني مخده منتفخه ومخده نحيفه!! عموما المنتج الي جاني سيء جدا ولا انصح فيه,N
702,بصراحة تجنن طرية وناعمة وحجمها يجنن,P
703,نوعية جيدة ولكن الرائحة غير مقبوله تم تهويتها قبل الاستعمال لمدة اسبوع,N
704,سيئه لا من قماش لا من حشو كل شي فيها سيئ,N
705,جميلة جدا وعملية,P
706,لاباس,P
707,مقبولة,P
708,راضي عن المنتج,P
709,طلبتها وكتت متخوفه بس طلع حلو الحمدلله,P
710,جدا روووووووووووووووووووووعه,P
711,نزيله بقووووه تصلح للجهال فقط,N
712,ممتازه وعلى طول اشتري منها,P
713,اكثر من رائعة,P
714,مانسبتني خفيفه,N
715,وصلت بسرعة ومش بطالة مقارنة بالسعر,P
716,من افضل المخدات التي اشتريتها // جودة سعر,P
717,وصول سريع جدا ومنتج رائع انصح فيه مناسبه الارتفاع وللراس والرقبه,P
718,رااائعه وطريه،ومريحة قماشها قطني ناعم لكن بدون سحاب،،،لكن جودتها ممتازه أنصح بشرائها شكرآ سوق كوم,P
719,كويسه,P
720,جدددددا جميلللللل ونفس الشكل الموجود على الصوره,P
721,بطيء,N
722,بتجربة بسيطة تبدو عملية ممتازة مع وجود بطارية في الجهاز وبطارية احتياطية,P
723,ليس عملي,N
724,ممتازة مع وجود بطارية في الجهاز وبطارية احتياطية يودي العمل خاصه تركيب الوحات بدقة,P
725,ممتاز جداُ وعملي انصح به وبشدة كان اصغر مما اتوقعت لكن صغرة افادني,P
726,منتج شامل لامور مستخدمه يوميه بلنسبه للمتخصصين ومن يزاولون الحرفيه اليدويه,P
727,جودة عالية مقارنة بالسعر مفيد يغنيك عن الكثير من الاجهزة انصح بشراءه,P
728,جهاز مفيد وعملي وبه عدة خيارات تغنيك عن عدة اجهزة جودة عالية مقارنة بالسعر,P
729,فكرتها كويسه لكن صناعة رديئه وغير دقيقة وتحتاج الى ضبط الليزر,N
730,اداة مفيدة وعملية وذات جودة مقبولة,P
731,عدم دقة الليزر,N
732,الجودة مش ولابد,N
733,منتج جميل واستخدام سلس اشكركم,P
734,ما تستاهل,N
735,جهاز يسهل عملية تحديد نقاط الحفر بالدريل انصح به جدا,P
736,مناسب للسعر من عيوبه قاعده الجهاز غير مثبته جيدا القطعه الالومنيوم,P
737,فشل في البطاريه,N
738,ممتاز جدا خفيف الوزن صغير الحجم له اكثر من رأس,P
739,لا انصح بشراؤه ضعيف جدا - لا يعمل الا علي البطاريه ,N
740,جهاز تشحنه يوم كامل وتستخدمه ربع ساعة ويخلص بصراحه البطارية غير مناسبة فيه وجوده المنتج كذلك غير ممتازة,N
741,غير جيد ولا انصح به بطيء جدا وصغير وصوته مزعج .. يوجد بالمحلات افضل منه بكثير وبفرق قليل في القيمه,N
742,غير مناسب لنفخ البالونات لضعف ضغط الهواء مناسب فقط للعوامات,N
743,ان السلعة ممتازة وشكرا علي حسن بضاعتكم,P
744,جودة عاليه و اصلي و وقت التوصيل ممتاز,P
745,يعمل بشكل رائع و شركة معروفة,P
746,خامات ممتازه و هواء قوي جدا,P
747,خامه ممتازه واداء عالى واهم حاجه سلك طويل,P
748,ممتاز جدا و من حيث الخامات المصنع منها جيده جدا و كطارد للهواء 6 سرعات عملي جدا و خفيف الوزن و صغير رغم قوته و سلكه طويل بيدي حريه حركه العيب الوحيد انو عند استخدامه كمكنسه للعربيه مثلا قوه الشفط مش عاليا لكن مش وحشه,P
749,صناعة ممتازة وقوي جدا وصالح للإستخدام المنزلي شكراً لكم لسرعة التوصيل,P
750,تماما كما في المواصفات وتعمل للشفط ايضا عند الحاجة . والتوصيل سريع وقبل الموعد المحدد,P
751,ضعيف,N
752,منفاخ قوي يمكن استخدامه كشفاط أيضا ويمكن ضبط السرعات عليه ايضا,P
753,سرعات متعدده لون اصفر جميل قوه فى طرد الهواء ومزود بكيس حين تود استعماله كمكنسه انصح به,P
754,جييد جددا وسعره ححلوو,P
755,ليس بالجوده المتوقعه,N
756,عملي ماركة ممتازة وعملية وضمان سنتان وسعر مغري وتوصيل سريع جداً، شكراً للبائع وانصح بشراءه، واقتناءه ، حرارة عالية وقوية وسريعة التسخين,P
757,ضعيف مخالف للبيانات المدونه,N
758,منتج رديء جدا,N
759,شكرا جهاز جبار وسرعة الشحن والتغليف الأمن أكرر شكري للبائع مع تمنياتي له بالتوفيق اتمنى من بقية البائعين ان يحذو حذوة,P
760,منتج ألماني اصلي,P
761,المنتج جيد لكن الشفط غير جيد تماما,P
762,ممتاز والتوصيل قياسي لكن الصوت قوي,P
763,المنتج اصلي وانصح به,P
764,سعر منافس بالنسبه للمحلات الكبيره,P
765,لم يكن معها بروشور باللغة العربية عن طريقة العمل بها,N
766,منتج غير جيد و لا انصح بالشراء,N
767,وصلني المنتج في وقت قصير واما رأيي حوله فهو منتج قوي ماركته معروفه وممتاز وحجمه مناسب وانصح به للعمل المتوسط,P
768,ادائها فعال جداً على سعرها جداً ممتازة,P
769,رديى جدا و يعمل بسرعة واحدة فقط و ضعيف الشدانصحكم بشراء الدريل الكهربائي حق ايكيا افضل بكليون مرررة والله انه رهيب وقوي جدا وعملي ببنما هذا المنتج سخيف وبطيى ولاينفع,N
770,لاسف منتج سيء فهو لا يملك قوة حتى لفتح البراغي و سرعة انتهاء بطاريته محبطة ...المنتج سيء ...لاسف لا يصلح حتى لاغراض تركيب بسيطة .لذا لا انصح به,N
771,هذا المنتج ضعيف جدا ولا يستفاد منه,N
772,لا انصح به بتاتا ابدا لا تشتريه استثمار بدون فائده,N
773,مواد التصنيع رديئه,N
774,قوة دوران ضعيف جداً ، اذا لديك شيء يحتاج تثبت بقوة فيدك اقوى منها,N
775,آلة متكاملة مع ملحقاتها و بسعر معقول,P
776,ضعيف جدا سي,N
777,سيء يد الانسان اقوى منه خسارة الدراهم,N
778,جهاز يفي بالغرض وسعره ممتاز وجربته على الجدران داخل البيت والصبغ ممتاز جدا و انصح فيه ولكن صعب تنظيف الجهاز بعد الاستخدام,P
779,البخاخ رائع للاستخدامات البسيطة,P
780,سهل الحمل .. سهل الاستخدام,P
781,االمنتج من شركة محترمة انصح به للاشغال الخفيفة,P
782,يستهلك طلاء كثير ويسخن بسرعة,N
783,انصح به للهواة,P
784,خفيفة - عملية - قوية - منتج عالي الجودة وصناعة ايطاية ممتاااااااااااازة للعمل المنزلي,P
785,للأمانه وبحسب تجربتي تنفع للأعمال البسيطه فقط ما تتحمل عمل كثير,N
786,ماكنية لحام ممتازة وعملية جدآ انصح بها,P
787,انصح بشرائة فهو ينفع للاعمال البسيطة,P
788,رائع جدا جدا جدا من صدق ما تراه في يد غيرك من الناس اللي كل شي في حياتي ما نتمنى أن تسقط في مكانٍ,P
789,تاريخ الانتاج جديد .. انصح به,P
790,اصلي 100٪ والتغليف ممتاز جداً,P
791,شكل علب المويه رايع,P
792,العلبة جدا مميزه في تصميمها وناعمه وسهله للشنطة ! جميله حبيتها ,P
793,افضل مويه وسعرها جدا مناسب,P
794,المعقم ممتاز وجودته عاليه ومتوفر منه حجم 1000 مل ايضا,P
795,معقم جيد وغير لزج على اليد,P
796,ممتاز وسعره معقول جداً,P
797,حجم العبوة اكبر من المنافسين,P
798,السعر الضعف صدمت لما شفت سعره في احد الصيدليات 8 ريال,N
799,ممتاز والتوصيل ممتاز وطريقتهم في حفظ المنتج رائع جداً والمندوب لطيف مره ومتفهم أفضل موقع للتسوق الإلكتروني بما أن جربت كثير حب كبير لسوق كوم,P
800,طبقاً للوصف المذكور شكراً,P
801,ممتاز ونصحت به جميع العائلة والأصدقاء وكانت ردت فعلهم إيجابية بالنسبة للمنتج واثبت انه افضل من المنتجات الأخرى,P
802,اصلى,P
803,منتج جيد وذو جوده عاليه,P
804,قهوة مميزة مطحونة اسبريسو ذات رائحة جيدة جدا ومذاق مميز قريب من البن الاثيوبى، غنية بالزيوت تعطى قوام جيد و وش غنى. يمكن تجربتها بالطريقة التركي,P
805,بن مطحون جيدا و مناسب جدا لماكينات صنع الاسبريسو و طعمه مميز جدا,P
806,المنتج رائع طعم ولون القهوه مرره جميل,P
807,البن مطحون وجاهز والطعم فوق الممتاز,P
808,القهوة خفيفة التركيز,N
809,سعره مرتفع بعض الشيئ,N
810,السعر غالي جدا والتغليف عليه ملاحظات,N
811,وصول المنتج بصوره وتغليف جيد,P
812,عرض ممتاز يا ريت يكرر.. جودة ممتازة,P
813,عرض حلو وسعر منافس,P
814,عرض بطل وجودة عالية,P
815,سعر عادل للحبة الواحدة مقارنة للعبوات الاخرى,P
816,سعره في المتناول وجيد المذاق,P
817,مره حبيت النتيجه,P
818,استفدت عليه كثير,P
819,ممتاااز جدا انصح فيه,P
820,نتيجته مرضيه جدا,P
821,صراحة البسكويت لذيذ لايقاوم اً لك يا بايع البسكويت,P
822,لزيييز وخفيف,P
823,جميل جدا مع القهوه او حى بدون ومع الحلا كذلك,P
824,جميله جدااا جدا سهله وطعم القهوه جميل ومركز وسعرها خررررافي مقارنة بالمذاق العجيب بصراحه ماندمت اني طلبتها والاحسن اني طلبتها بوقت التخفيضات,P
825,المنتج ممتاز والوقت قياسي شكرا,P
826,على طول خربت,N
827,السعر منافس للاسعار الاخرى و هيتر ممتاز و سريع بالاضافة الى التوصيل السريع,P
828,المنتج جيد والماركه اصليه ومعروفه,P
829,آلة صنع القهوه من نسبريسو جداً جمميله وصغيره ولاتاخذ مساحه كبيره مناسبة جداً لركن القهوه وعشاق القهوه الثقيله,P
830,سهله وانيقه,P
831,قسم تحضير الاسبريسو انخرب في اقل من سنة,N
832,خذها وانت متطمن صراحه روعه واستخدامها سهل,P
833,يفي بالغرض,P
834,تعطيك قهوة ممتازة نفس الماكينات دالوتشي,P
835,حلووة اووي,P
836,السعر وسهولة الاستخدام وتصميم الشكل حلوو,P
837,بعد شهر م اشتغل صمام الرغوة,N
838,فقط هناك عيب ان البخار ضعيف ولايخرج رغوة الحليب,N
839,ماكينه جيده جدا مقابل السعر,P
840,ممتازة جداً عن تجربة.استخدمها من أسبوع يوميا ولا فيها أي مشكلة، وتسوي لي قهوة ولا أروع. أنصحكم تشترون فلاتر ورقية مقاس 4 أو تكون طحنة القهوة خشنة شوي اذا بتستخدمون الفلتر اللي معها,P
841,ممتازة بدون تفكير اللي من عشاق القهوة السودا الامريكيه يشتري على طول,P
842,جداً رائعه القهوه انصح فيها وسعرها جميل واستخدامها لكل انواع القهوه بس تكون مطحونه طبعاً وسهله الاستخدام,P
843,السلعه مستعمله السلعه جاءت مغلفه من جديد ولكنها مستخدمه حيث ان الفلتر يوجد به بقايا ورائحة قهوة من استخدام سابق وهذا يعتبر عدم أمانه من البائع,N
844,الجهاز ممتاز يأدي الغرض يصنع بلاك كوفي ممتاز انصح بها فعلاًوسعرها جيد,P
845,البريق سريع الكسر انكسر معي,N
846,انكسر الابريق وضمان الوكيل غير شامل له وسعر الابريق بلحاله ١٦٠ اضطررت لشرائها مرة ثانية,N
847,منتج رائع انصح به والتعامل معى الشركه جدا راقي وصل قبل الوقت المتوقع,P
848,لا يوجد بها مؤقت رغم انه مكتوب في صندوق الوصف. ولم أشتريها إلا لأنه مكتوب بها مؤقت,N
849,انكسر الابريق بعد 3 استخدامات ولكن الشكر لسوق دوت كوم تم تعويضي عليها,N
850,رائع يابانى اصلى,P
851,كبير الحجم وغير دقيق,N
852,جهاز جميل وأفضل شئ انه يعمل بالبطاريه وليس بالشحن,P
853,رائع ويصلح للاعمال الخفيفه والسعر مناسب,P
854,تعتبر جيده,P
855,المنتج جميل وسعر ممتاز,P
856,سهل التشغيل والاستخدام,P
857,ممتازة جدا ورؤيا ليلية واااضحة,P
858,المنتج مفيد جدا جدا ويعطي راحة للوالدين في قضاء امور اخرى في البيت، ميزة حلوة وجود شاشة منفصلة للجهاز لان ريط الجهاز بالموبايل قد يعق عملية متابعة الطفل كما يعيق استخدام الموبايل بحرية، عدم وجود منبه ورصد للحركة والصوت وعدم امكانية شحن الكاميرا عند الطفل تقيد احياننا، توفر الوقت والجهد، اغلبية الرفيوهات عن هذا الموديل جيدة جدا كما انه فاز بجائزة خيار الامهات كافضل جهاز مراقبة للطفل,P
859,"الكاميرا تعمل بكفائة و تسهل مراقبة الطفل عندما اكون اقوم بالطبخ, منتج مفيد",P
860,المدى ضعيف يتأثر بالجدران الطفله فوق وانا تحت مايرسل الصوره والصوت بوضوح ويعلق وأحيانا يفصل ليت المدى يكون اوسع,N
861,صغير جدا غير عملي لحرية الاطفال,N
862,افضل بايع علي الاطلاق ماشاءالله,P
863,ممتازة وضرورية للاطفال ولا غنى عنها ، منتج ذو جودة ممتازة,P
864,ممتاز جدا وكان سعرها اقل ب كثييييير من المحلات,P
865,المنتج مرا حلو ومعروفه فيلبس ايڤنت .. وصلني بحالة ممتازة والسعر بيرفكت مقارنة بالسوق والمواقع الثانية,P
866,سعر مناسب واصلي ..سرعه فالتوصيل.. الله يبارك لك في رزقك,P
867,جميله وعملية,P
868,اخذته بسعر ممتاز وقت عروض الجمعة البيضاء .. الجودة ممتازة جدا,P
869,ممتازه وكامله فرشة الشعر ناعمه ومقص الاظافر ممتاز,P
870,سرعة الشحن المنتج اصلي ١٠٠٪‏ مغلف بشكل جيد,P
871,السعر مقارنه باسعار الصيدليات ارخص حتى مع الشحن والدفع عند الاستلام سعر سوق . كوم هو الارخص,P
872,ممتاز جداً انصح به وبشدة,P
873,ممتاز لكن يستهلك البطاريه سريعا,P
874,الجهاز جدا جدا جدا ممتاز مداه قوي انا حاطه في غرفة الرئيسية في الدور الاول في بداية الفيلا وانا موجود في الدور الارضي في نهاية الفيلا و الصوت واضح جدا فيه خاصية ان الجهاز مايشتغل الا اذا في صوت في غرفة الطفل,P
875,مجال تغطية ممتاز و نقل الصوت متتاز و يمكن استخدام البطاريات او الكهرباء بشكل مباشر,P
876,يعيبه انه مايشتغل ع بطارية اعادة شحن يشتغل ع كهرباء او بطارية عاديه البطارية تنفذ بسرعة,N
877,رائع وسهل والصوت فيه ممتاز وواضح وخفيف الوزن والسلك طوله ممتاز الاضاءه الموحوده ليست عاليه جدا تنبيه الام اذا انفصل جهاز الطفل بجرس مستوا الصوت عالي ويمكن تخفيضه ربما يكون مزعج الصوت اذا كان المكيف في غرفة الاطفال صوته عالي وشكرا لسوق على سرعة تلبيت الطلب والدقه في التعامل,P
878,يعيبه استهلاك الجهاز المستقبل للبطاريات بسرعة رهيبة كل يوم أو يومين بطارية فلابد من العودة للمحول الكهربائي وتجد فيه فصلة يغيب عن نقل الصوت لثواني لم أكتشف سبب ذلك بعد,N
879,احرص على اقتناءه بما بتناسب مع المواصفات في بلدك,P
880,لا يوجد سلبيات,P
881,ممتازه للامتعة,P
882,عملية واصليه ومتعددة الاستخدامات ساعدتني في السفر والتسوق,P
883,سهل الاستخدام وقوي,P
884,جودة عالية وجميل جدا,P
885,مرا عاجبتني,P
886,جدا رائعة وجودتها عالية,P
887,كويسه,P
888,ممتاز,P
889,حلو ويتحمل اوزان,P
890,يخلصك من حمل الامتعه,P
891,جدا رائعه وقويه تتحمل,P
892,سهلة الفتح و الإغلاق.. خفيفة .. و مريحة جدا,P
893,جيد وسهل الاستعمال خفيف بي سفر اعجبني جدا انصح باستعماله يفي بي الغرض انصح الناس لشراءه وستعماله سسسسسسسسسسسس,P
894,سهل الاستعمال والطي,P
895,عربه عمليه خفيفه سلسه فالحركه جدا وحجمه بعد الضب صغير لا تشغل حيز فالسياره سهلة الحمل,P
896,حبيتها وايد ...ريحتني فالسفر,P
897,منتج سهل وصغير الحجم وممتاز لسفر والرحلات,P
898,خفيفه وسهله في التنقل وسعرها جيد لكن يعيبها خامة القطع تعتبر خفيفه والعربه تحتاج شي اقوى لحمل الطفل,P
899,سعره مغري,P
900,خفيفة وسهلة الطي,P
901,ينكسر بسهولة,N
902,عمليه ومتينه,P
903,جيدة جدا ولاكن البطارية ضعيفة,N
904,جيد إلى حد ما لكن مع استخدام الكاميرا والمرأة في النهار لاتكون الصورة واضحه على العكس في الليل تكون جميله و واضحة,N
905,شكرا لابائس في منتج,P
906,حلوه وتنفع بعد الله في الطريق او الحوادث لا سمح الله,P
907,الكاميرا سهل التركيب و اقترانها في الجوال يطلب الرقم السري وهو من رقم 1 حتى 8 وتقدر تسترجع الفديو من الذاكره عيبها الوحيد بدون ذاكره لزم تشري من برا ذاكره جوده الصوره ممتازه,P
908,بطله تصويرها عالي الجوده وضوح ممتاز وخامه ممتازه,P
909,كمره راااائعه وانصح بها,P
910,التصوير الليلي مظلم وغير واضح والنهار ايضاً غير واضح ونطاق التقاط الصورة ضيف جداً ومقتصر على السيارة اللتي امامي مباشرة فقط,N
911,اكثر من رائع وجوده التصوير واضحة,P
912,لاينصح بها ، بطارية الليثيوم مع درجة حرارة الاجواء في السعودية تبتدأ بالانتفاخ وإخراج الشاشة من محلها,N
913,ممتازة و اتمنى اضافة ميموري كارد,P
914,انصح به بقوووووة,P
915,بما قراءت وتابعت فانه ممتاز,P
916,اشعر كأن الصور فيها ظلام، نورها فيه ضغف,N
917,سهلة الاستخدام و التركيب لاكن الجوده في التصوير الليلي سيء خذلتني,N
918,انصح جميع الاصدقاء بإغتناء هذه الماركة لجميع الاجهزة المنزلية,P
919,روعه وسعر منافس ارغب شراء اخر,P
920,القطعه وصلت في السليم وتركب ع الجهاز ويشتغل ميه ع ميه شال عند حمل تدوير الكاس البديل لجهاز مونينكس,P
921,الأصلي,P
922,شركه ذات موصفات عاليه في الصناعه تجميع` بمواصفات أعلى وسعر أقل ينصح دائماً باقتناء منتجات الشركه لجودتها العاليه وسعرها الرخيص,P
923,جوده ممتازه حسب المواصفات شحن سريع تعامل ممتاز شكرا لكم,P
924,بسرعة انكسرت قاعها,N
925,صعب الاستخدام,N
926,في حالة فقط الشي المعلق فيه الميدليه ولو في نطاق قريب جدا لا يجدي نفع مدام خارج نطاق الاشاره والمسافه لا تتعدي 5 امتار يعني لو شقه كبيره شويه برده مش هتلاقي حاجتك,N
927,الجي بي اس غير دقيق,N
928,لا يتم التحديد بشكل جيد من خلال الخرائط يظهر الطفل في مكان اخر,N
929,"جيدة جدا, يمكن أن تتصل بأطفالك في أي وقت أو تسمعهم بدون ما يحسوا وتحدد موقعهم أو يرسلوا رسالة صوتية, لكن يعيبها تحديدها للموقع غير دقيق وتحتاج شريحة بها بيانات",P
930,منتج سئ للغاية,N
931,من اول طيحه على الارض ينكسر . لازم تضع غراء على حواف الجهاز,N
932,الفكرة نفسها غير عمليه,N
933,البطاريه تكفى يوم واحد فقط,N
934,خامة سيئة و انكسر من خبطة خفيفة جدا,N
935,ليست عمليه وتنكسر,N
936,سيئ وليس له ايجابيات,N
937,لا يحتوي على شرح للطريقة وما عرفت استعمله,N
938,لا تعمل بشكل جيد و لا تستقبل المكالمات دائما الا حين تطفى و يعاد تشغيلها,N
939,منتج رائع ومميزاته اروع يمكن اجراء الممالمات الصوتيه ودقه المكان تحددها جوه التغطيه في المنطقه بشكل عام ممتاز,P
940,البطارية مكملتش شهرين وباظت ده غير انها كانت بتفضي بسرعه,N
941,اسوء من السيء,N
942,استفدت منه كثير,P
943,جيدة نوعاً ما,P
944,سيئة للأسف,N
945,جدا رائع وسهل الأستخدام للأطفال فقط كان هناك صعوبة في ادخال الشريحة ولكن باقي الأشياء جدا رائع وابنتي احبت الساعة كثيرا.,P
946,الممنتج جدا جودته سيئه ليس كما كنت اتوقع,N
947,منتج جيد ومناسب من حيث السعر,P
948,سهل الاستخدام وعملي,P
949,انامرتاح بصراحه بس ياليت الطريقه تكون واضحه وباللغه العربيه واسم الشركه لاني بصراحه تعقد من الطريقه واستخدم الجهاز بس بالاتصال وتحديد احداثياته اما عن طريق الموقع فلم استطع ومن له خبره فل يفيدنا وشكراً طبعاً الشريحه المستخدمع موبيلي,N
950,صعوبه في تشبيك الاسلاك,N
951,المنتج ممتاز مطابق للوصف ةبه خصائص كثيرة جدا سرعة تسليم المنتج النسخة التجريبية من البائع فعلا رائع,P
952,سعره مناسب,P
953,منتج قديم ولا يمكن برمجته,N
954,يعيبها صوت السبيكر لايسمعني الطفل الا بصعوبة والبطارية جودتها وسط وتحتاج انترنت لكي تحدد موقع الطفل,N
955,ضعيفه جدا,N
956,الممنتج جدا جودته سيئه ليس كما كنت اتوقع,N
957,منتج ممتاز قيم. سرعة بالتوصيل من سوق والبائع,P
958,مشي حال م أصلية حلوووو سعرها جيد اتصال بس مافي وأي فاي,N
959,يعلق ولا يصلح لشئ ارجو تكبير الذاكره الداخلية,N
960,لا يوجد منفذ للسماعة لا تتوافق بشدة مع الايفون البائع وضع سماعة في الكرتون الخاص بالساعة ولا يوجد منفذ سماعة من الاساس,N
961,عملي ووفر عني حمل جوال ثاني تقوم بتحويل جميع المكالمات من الساعة الي الجوال الاساسي الايفون وتوصيل الجوال الاساسي بالساعة عن طريق بالبلوتوث فيصبح الرد لكل المكالمات عن طريق الجوال الاساسي ويمكن الاتصال من الساعة . خاصية اللمس جيدة جداً -البطارية جيدة جداً - مظهر الساعة مناسب باليد وأنيق - السعر ممتاز - التوصيل من قبل سوق بوقت رائع - متوافقة من الايفون,P
962,شكلها جيد وسعرها معقول والشحن جيد جاري تجربتها,P
963,لم يتعرف عليها جهاز iphone 7,N
964,غير جيد,N
965,اشكركم ع التعامل,P
966,سعر معقول واستخدامها جيد,P
967,انصح به رائع كما هو معروض تماما,P
968,منتج لا باس به,P
969,جوده المنتج,P
970,ممتاز جدا وشكله جميل وجذاب,P
971,المنتج مطابق للوصف وممتاز بكل أمانة وسعيد بتطور خدمات الموقع وسرعة التوصيل,P
972,جيدة تصلح لبعض السيارات لابد والتأكد من فتحت مكيف سيارتك لأنها تركب على فتحات تكييف محددة,P
973,شريته عشان قطه شارع وحبته مره شكرا على تعاملكم اللطيف وجوده المنتج وسرعه التوصيل,P
974,قطتي صارت تعشقه والأخرى للأسف ما تاكله بس سعر مناسب من ناحية الكمية,P
975,هايل منتج محترم وسرعة توصيل,P
976,شواية رائعة جدا - صحية - جودة عالية - تنظيف سهل - تخزين سهل جدا,P
977,منتج اكثر من رائع وتوصيل سريع جدا جدا,P
978,زي اي شواية ليس كما توقعت,N
979,تغليف المنتج سيء,N
980,خلاطه ضعيف ، اداة العجن لا تناسب العجينة السميكة ، لا يوجد به عصارة فواكه ، لايوجد به شفرة لتقطيع اصابع البطاطس المقلية,N
981,حلو ولذيذ أنصح بشرائة,P
982,طعمه حلو ومشبع جدا,P
983,جميل جدا ومفيد وطعمه أكثر من رائع,P
984,مرره مفيد جدا حبيته,P
985,حلو المذاق و قليل السعرات الحراريه شكرا لسوق.كوم,P
986,صغييره مرا تكفي لوجبة شخص,N
987,المنتج فعال ورائحته جميله يستاهل 5 نجوم,P
988,ممتازين جدا بارك الله فيكم,P
989,نصحت كلو يشتريه بجد ممتاز,P
990,افضل منتج موجود في السوق,P
991,اعتقدت اني هحتاج اكتر من عبوه بس عبوه واحده قامت بالواجب,P
992,حلو جدا المنتج ده,P
993,ليس له فوائد,N
994,لم يناسبني بل زاد سوء للشعر وازدادت الحكه,N
995,سعر مبالغ فيه ولا يستحقه وكأنه عطر وليس زيت لايوجد به ميزة زيت,N
996,غير جيد ولا يوجد له اى تأثير ولا فأده,N
997,بالنسبة لي مافاد معي,N
998,مايحفظ الحراره ولا البروده مايستاهل صغنون,N
999,رهيب و قوي والعجينه فيه كويسه و كمان طحنت قهوة فيه,P
1000,منتج رائع وقوى وخامات ممتازة,P
1001,يغني عن العجان ومفرمة اللحم والكبة والخلاط والعصارة وغيرها الكثير انصح باقتنائه,P
1002,ماكينة ضعيف جدا والله ما يشيل دقن بسرعه,N
1003,انصح بتجريبها انها ممتازة,P
1004,مبالغ في سعرها و جودتها سيئه,N
1005,البائع شكرا له ولكن المنتج ماكان بالدرجه اللي كنت ادور عليها,N
1006,جميله ضد الماء,P
1007,ممتازه جدا حسب المطلوب,P
1008,التوصيل سريع والآلة ممتازة وسعرها جيد,P
1009,لا أنصح بشراء هذا المنتج لأنه غير مفيد اطلاقا ويمكن استخدام شفرة حلاقة أفضل بكثير لان الحلاقة غير ناعمة ويتسبب فى احمرار والتهاب للجلد,N
1010,ممتازة بكل المقاييس,P
1011,مالهاش أى لازمة,N
1012,يعمل جيدا,P
